metric,rl_mean,rl_std,fixed_mean,fixed_std,improvement_pct
avg_waiting_time,1.100717990720639,0.29268969314237636,3.9809265193975043,0.05816696748590021,72.35020577854756
avg_speed,8.734577951447273,0.3875807051630166,7.966348772364062,0.049503688818255315,9.643428891140985
total_stopped,6.237222222222222,1.3143242759947547,10.227500000000001,0.13279477459785022,39.0151823786632
total_waiting_time,43.977222222222224,14.185709172068423,153.40916666666666,2.952462811151838,71.33338041149938
