episode,avg_waiting_time,avg_speed,total_stopped,total_waiting_time,total_reward
0,3.9480656961776277,8.011296104343176,10.152777777777779,150.45555555555555,0.0
1,4.037862703433206,7.922339134375457,10.366666666666667,155.95277777777778,0.0
2,4.040327190934118,7.904831431861764,10.356944444444444,157.0638888888889,0.0
3,3.906026341778351,7.986007980155469,10.20138888888889,152.5125,0.0
4,3.972350664664218,8.007269211084443,10.059722222222222,151.0611111111111,0.0
