episode,avg_waiting_time,avg_speed,total_stopped,total_waiting_time,total_reward
0,1.5631977719384749,8.241838695065022,7.975,66.06805555555556,-0.5000000000000002
1,1.2101118247774338,8.396413744770001,7.308333333333334,50.106944444444444,-0.059999999999999984
2,0.9627141959380459,8.952565444609933,5.486111111111111,36.84166666666667,-0.15
3,0.9264908606843114,8.97631860352346,5.383333333333334,35.18888888888889,-0.18
4,0.8410753002649295,9.105753269267952,5.033333333333333,31.680555555555557,-0.4399999999999982
